Senyawa,IC50,E,mu,MW,EHOMO,ELUMO,dE,SA_A,SA_G,V,dH_hydr,logP,A,alpha,q1,q2,q3,q4,q5,q6,q7,q8,q9,q10,q11,q12,q13,q14,q15,q16,q17,q18,q19,q20,q21,q22,q23,q24,q25,q26,q27,q28,q29,q30,q31
9,33,-1427.448683,9.1256010,332.083078,-0.23129,-0.09937,0.13192,496.980,546.420,917.070,-8.990,-0.930,94.340,31.220,-0.083,-0.090,-0.681,-0.746,0.757,-0.451,0.338,0.169,0.170,0.177,0.177,0.346,-0.154,-0.096,-0.113,-0.109,-0.301,0.142,0.192,0.194,0.210,1.268,-0.565,-0.561,-0.584,0.183,0.152,-0.177,-0.102,-0.144,-0.070
10,76,-1427.444191,9.8323470,332.083078,-0.23252,-0.10078,0.13174,503.380,552.250,920.450,-9.390,-0.930,94.340,31.220,-0.084,-0.090,-0.680,-0.745,0.755,-0.452,0.338,0.170,0.170,0.176,0.177,0.345,-0.155,-0.119,-0.114,-0.101,-0.307,0.143,0.196,0.198,0.208,1.276,-0.573,-0.555,-0.574,0.228,-0.128,0.097,-0.134,-0.143,-0.059
11,120,-1427.447409,8.4707800,332.083078,-0.22938,-0.09588,0.13350,519.560,559.470,929.010,-9.240,-0.093,94.340,31.220,-0.083,-0.090,-0.681,-0.746,0.756,-0.451,0.338,0.169,0.170,0.176,0.177,0.346,-0.154,-0.097,-0.113,-0.108,-0.302,0.141,0.193,0.194,0.209,1.260,-0.563,-0.559,-0.587,0.222,-0.070,-0.171,0.128,-0.171,-0.072
12,130,-1502.623037,8.6447380,348.077993,-0.21529,-0.09696,0.11833,536.770,574.830,955.050,-12.230,-2.080,96.430,31.860,-0.083,-0.089,-0.681,-0.746,0.756,-0.451,0.338,0.168,0.169,0.176,0.176,0.345,-0.154,-0.098,-0.113,-0.109,-0.302,0.141,0.191,0.193,0.209,1.250,-0.568,-0.561,-0.580,0.231,-0.079,-0.138,0.297,-0.147,-0.088
13,430,-1522.070500,6.1510393,361.109630,-0.18847,-0.09625,0.09222,581.900,605.920,1011.890,-9.560,-2.030,103.670,34.410,-0.083,-0.088,-0.682,-0.745,0.754,-0.453,0.336,0.167,0.167,0.175,0.175,0.342,-0.154,-0.104,-0.113,-0.114,-0.300,0.137,0.188,0.188,0.205,1.217,-0.578,-0.576,-0.564,0.242,-0.087,-0.161,0.355,-0.160,-0.094
16,61,-1466.750818,8.9636880,346.098728,-0.22982,-0.09965,0.13017,522.750,575.880,966.710,-8.320,-0.530,98.940,33.060,-0.083,-0.090,-0.681,-0.746,0.756,-0.451,0.338,0.169,0.170,0.177,0.177,0.346,-0.154,-0.096,-0.113,-0.110,-0.301,0.142,0.192,0.194,0.209,1.269,-0.565,-0.561,-0.583,0.175,0.157,-0.181,-0.107,-0.142,-0.070
17,76,-1506.054747,9.0979350,360.114378,-0.22987,-0.09959,0.13028,558.770,610.100,1019.350,-7.760,-0.140,103.540,34.890,-0.083,-0.090,-0.681,-0.746,0.757,-0.451,0.338,0.169,0.170,0.177,0.177,0.346,-0.154,-0.096,-0.113,-0.110,-0.300,0.142,0.192,0.194,0.210,1.269,-0.565,-0.451,-0.584,0.177,0.149,-0.181,-0.109,-0.141,-0.072
18,180,-1502.620199,7.1740870,348.077993,-0.22067,-0.09799,0.12268,499.590,556.200,933.060,-9.830,-2.080,96.43,31.860,-0.084,-0.089,-0.680,-0.744,0.754,-0.454,0.336,0.167,0.168,0.175,0.176,0.345,-0.156,-0.105,-0.120,-0.116,-0.307,0.139,0.195,0.223,0.202,1.244,-0.559,-0.553,-0.567,0.225,0.346,-0.144,-0.121,-0.130,-0.093
19,40,-1541.930315,7.1844660,362.093643,-0.21881,-0.09721,0.12160,519.430,572.220,979.560,-9.140,-1.730,101.180,33.690,-0.083,-0.089,-0.681,-0.745,0.755,-0.454,0.336,0.168,0.168,0.175,0.176,0.345,-0.156,-0.105,-0.122,-0.118,-0.306,0.139,0.195,0.224,0.203,1.243,-0.559,-0.551,-0.569,0.220,0.349,-0.145,-0.121,-0.131,-0.093
20,66,-1847.709335,8.2003470,352.028456,-0.23823,-0.10623,0.13200,492.740,544.400,908.420,-9.750,-1.310,94.770,31.320,-0.083,-0.090,-0.681,-0.746,0.757,-0.449,0.339,0.170,0.170,0.177,0.177,0.348,-0.155,-0.097,-0.114,-0.102,-0.306,0.143,0.197,0.203,0.211,1.268,-0.557,-0.548,-0.575,0.274,-0.218,-0.118,-0.104,-0.134,-0.078
21,51,-1487.389323,11.0427820,336.058006,-0.23235,-0.08882,0.14353,433.590,531.810,877.320,-9.670,-1.680,90.180,29.300,-0.083,-0.088,-0.681,-0.744,0.754,-0.454,0.337,0.168,0.168,0.174,0.175,0.337,-0.148,-0.112,-0.110,-0.127,-0.314,0.136,0.189,0.164,0.205,1.012,-0.628,-0.532,-0.400,0.337,0.296,-0.146,-0.116,-0.050,-0.125
23,190,-1592.548275,8.0712360,363.052506,-0.24005,-0.11935,0.12070,489.540,548.290,914.280,-13.450,-1.900,96.270,31.230,-0.083,-0.090,-0.680,-0.746,0.756,-0.446,0.339,0.170,0.170,0.177,0.177,0.350,-0.156,-0.098,-0.119,-0.091,-0.316,0.143,0.198,0.220,0.214,1.281,-0.556,-0.545,-0.565,0.247,0.371,-0.128,-0.128,-0.105,-0.103
24,31,-1466.801770,8.1156780,346.098728,-0.21907,-0.07586,0.14321,494.030,577.930,963.980,-7.210,-0.780,98.620,33.060,-0.083,-0.087,-0.681,-0.743,0.753,-0.455,0.335,0.166,0.167,0.174,0.174,0.335,-0.148,-0.114,-0.110,-0.128,-0.312,0.134,0.188,0.162,0.202,1.018,-0.635,-0.543,-0.439,0.327,0.067,0.064,-0.127,-0.055,-0.110
25,51,-1466.757531,8.6922970,346.098728,-0.22390,-0.09868,0.12522,539.940,572.980,969.690,-7.860,-0.780,98.620,33.060,-0.083,-0.090,-0.681,-0.746,0.756,-0.451,0.338,0.169,0.170,0.176,0.177,0.345,-0.154,-0.097,-0.113,-0.110,-0.300,0.141,0.191,0.193,0.209,1.262,-0.567,-0.563,-0.581,0.181,0.159,-0.211,0.138,-0.174,-0.068
26,10,-1466.757042,8.9908150,346.098728,-0.22558,-0.09798,0.12760,537.370,576.070,970.010,-7.770,-0.780,98.620,33.060,-0.083,-0.090,-0.681,-0.746,0.757,-0.451,0.338,0.169,0.170,0.176,0.177,0.346,-0.154,-0.096,-0.113,-0.109,-0.300,0.142,0.192,0.194,0.209,1.268,-0.566,-0.562,-0.585,0.182,0.154,-0.178,-0.129,0.091,-0.099
27,42,-1506.065473,8.5376490,360.114378,-0.21938,-0.09738,0.12200,570.200,597.700,1014.530,-6.870,-0.620,102.900,34.890,-0.082,-0.090,-0.683,-0.746,0.757,-0.451,0.338,0.169,0.169,0.176,0.177,0.345,-0.154,-0.097,-0.113,-0.110,-0.300,0.141,0.191,0.193,0.209,1.262,-0.568,-0.564,-0.582,0.182,0.166,-0.221,0.113,0.066,-0.108
28,30,-2766.848955,11.8302360,419.950511,-0.24628,-0.12033,0.12595,567.410,598.410,999.800,-9.070,-1.750,104.200,35.170,-0.082,-0.092,-0.683,-0.748,0.760,-0.448,0.341,0.172,0.172,0.179,0.179,0.350,-0.154,-0.094,-0.113,-0.102,-0.309,0.146,0.198,0.203,0.215,1.269,-0.551,-0.540,-0.573,0.283,-0.215,-0.085,-0.217,-0.245,-0.041
29,110,-2766.848285,10.1383340,419.950511,-0.24329,-0.12687,0.11642,547.720,589.030,989.870,-8.840,-1.750,104.200,35.170,-0.083,-0.091,-0.681,-0.746,0.758,-0.449,0.340,0.171,0.171,0.178,0.179,0.349,-0.155,-0.095,-0.114,-0.103,-0.307,0.146,0.198,0.202,0.212,1.271,-0.554,-0.534,-0.555,0.341,-0.221,-0.077,-0.228,-0.076,-0.236
30,40,-1586.559865,9.2404090,354.048584,-0.23929,-0.11184,0.12745,478.670,531.010,880.880,-9.600,-2.290,90.310,29.210,-0.082,-0.091,-0.683,-0.747,0.758,-0.449,0.339,0.170,0.170,0.177,0.177,0.349,-0.156,-0.102,-0.118,-0.105,-0.305,0.143,0.199,0.203,0.212,1.254,-0.553,-0.549,-0.566,0.219,0.341,-0.160,0.305,-0.144,-0.091
31,29,-1586.605178,7.8131870,354.048584,-0.22874,-0.12162,0.10712,456.340,533.630,879.400,-8.990,-2.290,90.310,29.210,-0.083,-0.088,-0.681,-0.744,0.753,-0.452,0.336,0.167,0.168,0.175,0.175,0.339,-0.149,-0.099,-0.112,-0.137,-0.336,0.136,0.194,0.196,0.204,1.006,-0.589,-0.549,-0.396,0.336,0.307,-0.136,-0.117,-0.041,0.312
32,340,-1884.152375,12.0936830,408.020319,-0.24867,-0.13281,0.11586,503.070,548.100,907.780,-8.560,-4.090,90.690,28.930,-0.083,-0.092,-0.681,-0.747,0.759,-0.447,0.341,0.172,0.173,0.179,0.180,0.351,-0.155,-0.098,-0.115,-0.103,-0.309,0.147,0.202,0.203,0.216,1.263,-0.553,-0.527,-0.538,0.190,0.324,0.264,0.278,0.265,0.339
33,34,-1506.052422,9.8102550,360.114378,-0.23245,-0.10060,0.13185,570.710,613.470,1027.090,-8.420,-0.140,103.540,34.890,-0.084,-0.090,-0.680,-0.745,0.755,-0.452,0.338,0.170,0.170,0.176,0.177,0.345,-0.155,-0.101,-0.114,-0.119,-0.307,0.143,0.196,0.198,0.208,1.276,-0.572,-0.555,-0.574,0.227,-0.128,0.096,-0.136,-0.144,-0.058
34,29,-1502.620830,7.9716850,348.077993,-0.22090,-0.09525,0.12565,534.560,579.330,952.990,-11.990,-2.080,96.430,31.860,-0.083,-0.090,-0.681,-0.746,0.756,-0.451,0.338,0.169,0.170,0.177,0.177,0.346,-0.154,-0.096,-0.113,-0.107,-0.302,0.142,0.193,0.196,0.210,1.267,-0.562,-0.553,-0.591,0.218,-0.073,0.269,-0.118,-0.155,-0.071
35,18,-1541.931230,7.5717950,362.093643,-0.21941,-0.09473,0.12468,570.500,609.980,1011.070,-11.050,-1.730,101.180,33.690,-0.083,-0.090,-0.681,-0.746,0.756,-0.451,0.338,0.169,0.169,0.176,0.177,0.346,-0.154,-0.096,-0.113,-0.107,-0.302,0.142,0.193,0.195,0.210,1.226,-0.562,-0.554,-0.591,0.218,-0.077,0.275,-0.119,-0.156,-0.071
36,15,-1847.710110,8.9062540,352.028456,-0.24119,-0.11070,0.13049,500.890,553.040,912.690,-10.230,-1.310,94.770,31.320,-0.082,-0.092,-0.683,-0.748,0.759,-0.449,0.340,0.171,0.171,0.178,0.178,0.347,-0.155,-0.098,-0.112,-0.118,-0.311,0.145,0.197,0.200,0.214,1.280,-0.569,-0.546,-0.573,0.229,-0.064,-0.253,-0.080,-0.144,-0.048
39,100,-1592.553965,7.9136970,363.052506,-0.24679,-0.11786,0.12893,515.480,556.010,926.370,-16.100,-1.900,96.270,31.230,-0.084,-0.091,-0.679,-0.746,0.758,-0.448,0.341,0.172,0.173,0.178,0.180,0.349,-0.154,-0.096,-0.109,-0.116,-0.318,0.148,0.198,0.200,0.215,1.286,-0.570,-0.539,-0.572,0.209,-0.083,0.297,-0.094,-0.161,-0.031
41,32,-1466.806380,8.9262860,346.098728,-0.22097,-0.07487,0.14610,489.880,570.410,963.280,-8.470,-0.780,98.620,33.060,-0.083,-0.087,-0.681,-0.743,0.753,-0.455,0.335,0.166,0.167,0.173,0.174,0.336,-0.149,-0.115,-0.111,-0.129,-0.313,0.134,0.188,0.163,0.203,1.024,-0.635,-0.544,-0.449,0.362,-0.133,0.170,-0.172,0.122,-0.167
42,34,-1506.061129,7.7526630,360.114378,-0.22279,-0.09338,0.12941,578.940,603.790,1019.470,-7.220,-0.620,102.900,34.890,-0.083,-0.089,-0.681,-0.746,0.755,-0.451,0.337,0.168,0.169,0.176,0.176,0.345,-0.154,-0.098,-0.113,-0.108,-0.301,0.141,0.192,0.193,0.208,1.259,-0.565,-0.561,-0.589,0.230,-0.109,0.061,0.069,0.067,-0.109
43,67,-1617.096234,6.9111730,378.0885570,-0.21251,-0.10098,0.11153,571.810,617.240,1024.110,-12.680,-3.070,102.800,34.330,-0.083,-0.089,-0.681,-0.745,0.756,-0.451,0.337,0.168,0.169,0.176,0.176,0.344,-0.155,-0.103,-0.113,-0.120,-0.306,0.141,0.194,0.198,0.210,1.260,-0.578,-0.560,-0.568,0.234,-0.106,0.253,0.313,-0.159,-0.065
44,8,-1617.102438,6.9528850,378.088557,-0.21019,-0.09343,0.11676,588.110,620.670,1030.590,-13.470,-3.070,102.800,34.330,-0.083,-0.090,-0.681,-0.746,0.756,-0.451,0.338,0.169,0.169,0.176,0.177,0.346,-0.155,-0.096,-0.113,-0.107,-0.301,0.142,0.194,0.195,0.209,1.269,-0.558,-0.554,-0.595,0.214,-0.074,0.264,-0.136,0.264,-0.076
45,4,-1731.572817,8.9948490,408.099122,-0.22476,-0.09768,0.12708,619.680,656.190,1106.450,-13.480,-4.060,109.180,36.800,-0.083,-0.090,-0.681,-0.746,0.757,-0.451,0.338,0.169,0.170,0.176,0.177,0.346,-0.154,-0.097,-0.113,-0.107,-0.302,0.142,0.194,0.195,0.210,1.262,-0.559,-0.554,-0.593,0.221,-0.075,0.244,0.271,0.248,-0.076
46,10,-2307.284836,11.7935280,385.989483,-0.24701,-0.11401,0.13300,548.130,586.600,968.560,-9.660,-1.530,99.490,33.240,-0.083,-0.091,-0.681,-0.747,0.758,-0.448,0.340,0.171,0.172,0.178,0.179,0.349,-0.154,-0.094,-0.112,-0.105,-0.306,0.146,0.196,0.197,0.213,1.268,-0.551,-0.547,-0.586,0.228,-0.029,-0.263,-0.048,-0.262,-0.031
47,75,-1586.555094,12.4425080,354.048584,-0.24380,-0.10974,0.13406,496.600,546.750,894.290,-9.830,-2.290,90.310,29.210,-0.083,-0.091,-0.681,-0.747,0.758,-0.449,0.340,0.171,0.171,0.178,0.178,0.348,-0.154,-0.095,-0.112,-0.106,-0.305,0.145,0.194,0.197,0.213,1.264,-0.557,-0.550,-0.586,0.230,-0.089,0.261,0.285,-0.158,-0.067
48,36,-1586.560869,11.3811310,354.048584,-0.24574,-0.11129,0.13445,498.310,546.660,894.350,-9.770,-2.290,90.310,29.210,-0.083,-0.091,-0.681,-0.747,0.758,-0.449,0.340,0.171,0.172,0.178,0.178,0.348,-0.154,-0.094,-0.112,-0.105,-0.305,0.145,0.196,0.197,0.213,1.268,-0.553,-0.547,-0.590,0.225,-0.085,0.280,-0.146,0.280,-0.086
49,73,-1685.757328,13.1939910,372.039163,-0.24806,-0.11649,0.13157,506.600,548.500,903.830,-9.530,-2.890,90.440,29.110,-0.083,-0.091,-0.681,-0.747,0.758,-0.448,0.341,0.172,0.172,0.178,0.179,0.349,-0.154,-0.094,-0.112,-0.105,-0.307,0.146,0.196,0.197,0.214,1.266,-0.552,-0.547,-0.587,0.234,-0.086,0.270,0.260,0.270,-0.840
50,140,-1631.862331,14.0778920,377.068156,-0.24862,-0.12115,0.12747,556.760,585.000,979.190,-14.530,-1.740,100.550,33.060,-0.083,-0.091,-0.681,-0.747,0.759,-0.448,0.341,0.172,0.172,0.178,0.179,0.349,-0.154,-0.094,-0.112,-0.104,-0.306,0.146,0.196,0.197,0.214,1.270,-0.550,-0.548,-0.591,0.265,-0.139,0.123,0.298,-0.145,-0.092
51,670,-1482.790011,5.7143000,347.093977,-0.19321,-0.09522,0.09799,512.560,579.910,960.330,-13.970,-2.650,97.890,32.570,-0.083,-0.088,-0.681,-0.744,0.754,-0.453,0.336,0.167,0.167,0.175,0.175,0.342,-0.154,-0.103,-0.113,-0.113,-0.300,0.138,0.189,0.188,0.205,1.222,-0.576,-0.576,-0.566,0.241,-0.132,0.109,0.302,-0.154,-0.090
52,150,-1466.751194,8.2975120,346.098728,-0.22951,-0.09591,0.13360,545.620,588.690,979.820,-8.770,-0.530,98.940,33.060,-0.083,-0.090,-0.681,-0.746,0.756,-0.451,0.338,0.169,0.169,0.176,0.177,0.346,-0.154,-0.097,-0.113,-0.108,-0.302,0.141,0.192,0.194,0.209,1.260,-0.563,-0.559,-0.586,0.222,-0.070,-0.174,0.133,-0.174,-0.072
53,7,-1506.055623,8.5291860,360.114378,-0.22912,-0.09587,0.13325,582.860,626.610,1034.300,-8.310,-0.140,103.540,34.890,-0.083,-0.090,-0.681,-0.746,0.756,-0.451,0.338,0.169,0.170,0.176,0.177,0.346,-0.154,-0.097,-0.113,-0.108,-0.302,0.141,0.192,0.194,0.209,1.260,-0.563,-0.559,-0.587,0.223,-0.072,-0.172,0.128,-0.172,-0.074
54,780,-1545.357599,8.4389480,374.130028,-0.22898,-0.09578,0.13320,604.640,639.550,1076.640,-8.000,0.190,108.090,36.730,-0.082,-0.090,-0.682,-0.746,0.757,-0.451,0.338,0.169,0.170,0.177,0.177,0.346,-0.154,-0.097,-0.113,-0.108,-0.301,0.141,0.192,0.194,0.209,1.260,-0.563,-0.559,-0.587,0.224,-0.069,-0.187,0.143,-0.173,-0.077
55,44,-1541.933467,8.3751650,362.093643,-0.21399,-0.09646,0.11753,572.010,610.540,1012.760,-11.270,-1.730,101.180,33.690,-0.083,-0.089,-0.681,-0.745,0.756,-0.451,0.337,0.167,0.168,0.176,0.176,0.345,-0.154,-0.099,-0.113,-0.109,-0.302,0.140,0.191,0.193,0.208,1.249,-0.568,-0.562,-0.580,0.230,-0.079,-0.141,0.303,-0.148,-0.089
56,110,-1581.235309,7.3388690,376.109293,-0.21421,-0.10199,0.11222,600.220,637.950,1060.620,-10.840,-1.270,105.700,35.530,-0.084,-0.089,-0.680,-0.744,0.754,-0.452,0.337,0.169,0.169,0.176,0.177,0.344,-0.155,-0.103,-0.113,-0.123,-0.305,0.141,0.194,0.196,0.207,1.254,-0.581,-0.561,-0.563,0.239,-0.075,-0.146,0.302,-0.137,-0.102
57,540,-1620.539238,7.3394830,390.124943,-0.21406,-0.10192,0.11214,638.560,671.730,1115.570,-10.340,-0.870,110.300,37.370,-0.084,-0.089,-0.680,-0.744,0.754,-0.452,0.337,0.169,0.169,0.176,0.177,0.344,-0.155,-0.103,-0.113,-0.123,-0.305,0.141,0.194,0.196,0.207,1.255,-0.581,-0.561,-0.563,0.238,-0.075,-0.146,0.302,-0.137,-0.102
59,87,-1847.710426,10.9560080,352.028456,-0.23961,-0.11059,0.12902,501.540,554.130,914.070,-10.280,-1.310,94.770,31.320,-0.084,-0.090,-0.680,-0.745,0.756,-0.450,0.339,0.171,0.171,0.177,0.178,0.346,-0.155,-0.099,-0.113,-0.120,-0.309,0.145,0.198,0.199,0.211,1.276,-0.570,-0.548,-0.572,0.233,-0.054,-0.113,-0.226,-0.109,-0.093
60,120,-1487.351469,10.6056220,336.0580060,-0.23868,-0.10304,0.13564,487.590,538.290,884.920,-10.150,-1.680,90.180,29.300,-0.083,-0.090,-0.681,-0.746,0.757,-0.450,0.339,0.170,0.170,0.177,0.177,0.347,-0.154,-0.096,-0.113,-0.107,-0.303,0.143,0.193,0.195,0.211,1.262,-0.560,-0.556,-0.585,0.227,-0.073,-0.156,0.302,-0.156,-0.075
64,180,-1597.078856,6.4394320,383.093977,-0.22403,-0.09893,0.12510,504.210,586.310,1015.470,-9.040,-1.430,110.430,36.700,-0.083,-0.089,-0.681,-0.745,0.754,-0.454,0.336,0.167,0.168,0.175,0.176,0.346,-0.157,-0.105,-0.126,-0.117,-0.313,0.138,0.194,0.236,0.201,1.250,-0.557,-0.546,-0.575,0.254,0.170,0.101,-0.139,-0.135,-0.096
65,70,-1519.671771,6.8805580,357.078327,-0.20028,-0.09976,0.10052,484.600,569.480,956.560,-13.290,-2.920,101.350,33.440,-0.083,-0.089,-0.681,-0.745,0.755,-0.452,0.337,0.167,0.168,0.175,0.176,0.344,-0.154,-0.103,-0.113,-0.110,-0.298,0.139,0.189,0.193,0.207,1.244,-0.570,-0.564,-0.571,0.187,0.029,0.269,-0.063,-0.166,-0.077
66,480,-1404.200988,11.6257690,319.062677,-0.23184,-0.09500,0.13684,413.310,522.630,854.190,-12.390,-1.120,85.800,28.680,-0.083,-0.088,-0.681,-0.744,0.754,-0.453,0.337,0.168,0.168,0.174,0.175,0.337,-0.148,-0.112,-0.110,-0.127,-0.314,0.137,0.189,0.165,0.205,1.016,-0.629,-0.536,-0.373,0.432,-0.339,0.021,-0.117,-0.038,-0.109
78,490,-1770.872819,8.5003880,422.114772,-0.21418,-0.10350,0.11068,617.920,660.510,1134.790,-12.440,-4.010,114.040,38.640,-0.062,-0.090,-0.666,-0.680,0.709,-0.478,0.334,0.153,0.157,0.161,0.163,0.295,-0.134,-0.103,-0.069,-0.115,-0.309,0.148,0.196,0.199,0.185,1.274,-0.579,-0.554,-0.567,0.214,-0.076,0.278,0.271,0.269,-0.108
79,720,-1466.747359,9.6223630,346.098728,-0.22897,-0.10077,0.12820,521.170,576.820,964.230,-8.790,-0.880,99.200,33.060,-0.065,-0.089,-0.663,-0.684,0.707,-0.478,0.335,0.154,0.159,0.158,0.171,0.308,-0.145,-0.101,-0.080,-0.122,-0.307,0.146,0.196,0.197,0.189,1.273,-0.575,-0.556,-0.568,0.224,-0.057,-0.171,0.126,-0.168,-0.094